"","MS245","MS374","MS371","MS348","MS352"
"Q15149;Q13435;Q5JRA6;Q9BQ69",23.1851635262727,22.7057253678774,23.4448030659796,23.9554088548593,23.3392108010965
"Q13813",23.7898388939335,23.5621742882525,24.0840259263112,23.9547884027293,23.8010323371811
"Q01082;O60683;O95084",23.5298019250493,23.345931751879,23.889634962975,23.9601310916798,23.7095022140804
"P14136;O60861;Q8N3F8",28.1854024330748,28.0762978659764,28.674626171802,29.0757266901832,28.207004710715
"Q14204;Q6AI08;Q9UPU5",21.2748593527655,20.963781257008,21.257393088312,21.504959453936,21.4796241808505
"P02768;Q92985",26.099441088338,26.6366775348812,25.4726278508458,24.842808304421,25.2051400808437
"P07197",24.2738631822701,24.3669487261097,24.1044645513971,24.0917009765683,24.8370504032564
"P14618;P30613",24.438595149794,24.5713451295909,24.662642542608,24.9369893202722,24.6492565049693
"P08670",23.1815058868008,23.0781346073816,24.5889877850818,23.3806276862284,23.3293213657786
"P46821;Q5K651;Q5T9C2;Q8IWB6",21.7564194872443,21.7681839457469,21.651650042653,22.0910089003186,22.090754535559
"Q14315",21.5771109149323,21.2336279437697,21.8923025180935,22.0684567508164,22.1379587678537
"P07196",24.5259043097653,24.2309139265973,23.9780674800059,24.5869735739992,24.6924210550196
"Q00610;P53675",21.1160022041222,21.1018811124105,21.147697192812,20.9738270036728,21.0768393419157
"P29401;Q9H0I9",22.3028826693158,22.0820638123983,22.0797894868023,22.7918184941884,22.8066109026125
"P00367;A6NF36;O75054;P49448",22.649807228542,23.409572301466,23.2293251379935,23.4038313250457,23.2862944654496
"P12036",24.1703380465004,23.7282232008848,23.6033709874954,23.8917040623593,24.3311823666916
"P04406;O14556",25.7579142407526,25.7481598476961,25.8669330773758,26.1390256642364,25.8810490124834
"P12277;A6NNP5;P06732",24.7018852394543,25.1002434108943,24.6707713088288,25.6011314309246,24.7344392175429
"P09543;P48454",24.4677991833096,24.4085963846338,23.5443344208457,23.8315662336815,24.0989145256314
"P06733",24.1542052724804,24.2214229653569,24.6516887316542,24.3891307329296,24.3917460335433
"P08133",21.6607784997826,21.8874886698968,21.9138024603337,21.9044672744215,21.7842441841236
"Q9BXM0;O95255;Q07075",20.6897875359128,21.0503568739279,18.6622850957748,18.2484214628641,17.9021070466158
"P06396;Q9P1A2",22.514786916068,22.3149125741869,22.7862994721392,23.1397216909937,22.7153356745485
"P35527;Q99456",19.4342239776843,20.466673164825,19.3815000508482,19.3931507664868,23.5967171916413
"P02787;P02788",21.3361449616259,21.8253402282087,21.252221274086,20.437113510541,20.6859161541377
"P06576",22.8156257819942,23.4242234015197,23.0469222923725,22.8675806449042,22.7809421702432
"Q16555",24.2959146432062,24.4369906042089,24.4992503866568,24.8077978569994,24.7145531237556
"P11216",21.3181646975463,21.2866493716857,21.4607965794965,21.6947386694467,21.4199484357181
"P04264",18.4663167712866,20.4998114949988,18.8912981549682,19.1482933665993,23.2380634814595
"Q9Y2J8;Q9ULC6",21.7273267481906,21.483072698158,21.8272080821605,21.1991339429681,21.7936336314845
"P07355;A6NMY6",23.2644818176286,23.1047773914164,23.5453832793686,23.4382133674984,23.2336631513443
"P10809",21.2959504604873,21.7829470487981,21.3170621408171,21.7301869251682,21.6485127871243
"P00558",22.649965779302,22.794452048149,22.8360034823516,22.9160317518381,22.8583484437351
"Q01484;A6NLW8;O43592;P16157",19.8711034018235,19.9289856024783,19.9482119741881,20.4557151401563,19.9908716807694
"P07900;Q14568;Q58FG0;Q58FG1;Q92538;Q9NQH7",21.9736364201762,21.9698185153269,21.3720258867383,22.1874893523222,22.5595653807688
"P21333",19.5003139037791,18.8194750608779,20.0731556721217,19.5311710873204,19.4800712492063
"P07195;P07864",23.2563553786463,23.358832821287,23.4662001644213,23.8000239679821,23.573365419548
"P11217",20.5256081142996,20.8610766305405,19.7752815341427,20.485716234174,20.5071325613476
"P40939",20.2208387042778,20.3317738790224,20.1643303098763,20.8607618464271,20.4944423312847
"Q12860;P20591",20.2171074896795,20.2932962211814,20.3556648524665,20.3420514991153,20.0175679350002
"P25705",21.8262909436374,22.3751713625976,21.9211803536562,21.6561296378768,21.9263750028803
"Q96KP4",21.204111900932,21.2710181432746,20.9765954575161,21.4568972418246,21.3518811987024
"P08758",22.7962174648718,22.6693066481575,23.1624999437859,22.8722102728775,22.2026752313735
"P22314",20.0946960783691,20.2776524682824,19.8631973885268,20.4703052312014,20.1316202910809
"P50993;O14983;P20648;P54707;Q13733",21.4387681717805,21.5886632476051,21.2864679485166,21.5219312844688,21.4535188642144
"P13611",21.951694380192,21.8693461770519,21.6498303714129,21.8935558388373,21.8668471596827
"P62258",21.8645167147072,21.7922498836621,21.7370060889541,22.3058994707581,21.9920344800147
"P06744;Q8N196",21.261082407854,21.3107345795767,21.1540353212108,21.4065655348426,21.4611894704447
"P55072;Q8IYT4",20.4365362904202,20.4725560572577,20.5086799900324,20.5093606673761,20.5871729135874
"Q14195;Q14117",22.4899935932898,22.5221589512824,22.7457178039975,23.4035424489847,22.6055485894213
"P27338",21.5376569385219,21.330922130979,22.0677519952507,22.1655802064259,22.1506960180692
"P26038;Q6STE5",20.5692949176593,20.4824414053541,21.0355302119099,21.1754460456419,20.8064879578916
"P46459",19.5291226466317,20.0134806897375,19.5807974014758,19.4686636344149,19.6767784220396
"P04075",22.4577072672275,22.6577543574856,22.6558638612856,22.7350260859663,22.6398929650275
"P11142",21.7346256139917,21.8438164981566,21.6875396740553,21.9864382596712,21.9866956072502
"P01009",21.910724534944,22.3647061914928,21.1545086290223,20.5606305881443,21.4391441104307
"Q86VP6",19.3417648777598,19.4038241421162,19.4037278215245,19.5706184446191,19.4975186564346
"Q16352",20.2691818275535,20.8971665849453,20.2150751065401,19.7038248246592,20.4201104116044
"Q9Y617",21.0671518180693,20.8495345228651,21.3532073243867,21.8824983967739,21.9908748196219
"P30041",22.3245492435484,21.8620805393127,22.7905816359312,22.4589082685841,21.8073101945155
"P51178;P24928;Q9UPR0",19.7492540933175,19.4014174975093,19.9838328236384,20.3869486724155,19.9764075076783
"P31150;A5D8W1",21.7621261287128,21.8958405603532,21.9105553544263,22.3703363265934,22.135160933748
"P13591",21.020025748764,20.9467940360746,21.1593904896351,21.3393388412557,21.1546388503145
"P36871",20.2789385191336,20.3343190303163,20.6011892937226,20.6407867074295,20.4201935395533
"Q99798",19.9801825776923,20.303955755997,20.1544493733602,19.9959765604127,20.5227062940137
"P05091",20.546703756314,20.976667689604,20.4683868033023,21.0381881114835,21.1352970440494
"P00338;Q6ZMR3;Q9BYZ2",21.3507154177138,21.4671499291626,21.9838688916722,21.9027497327042,21.687249991226
"P48735",19.3394136527023,19.8192325987788,19.6930039515519,20.068947093791,19.8398331786738
"P68871;P02042;P02100",24.2897262804814,23.9062685303,23.6565050071395,23.2181083991615,23.2797288378053
"P40926;P10635",21.2599906996699,22.0204448267447,21.734511528446,21.1245521403201,21.0898794775299
"Q16181;Q6ZU15",20.5167108555349,20.1279913547942,20.373823457881,20.3817418452989,20.4106644820479
"P49419",20.3781812098374,20.6475990666629,20.72645747691,20.6522113072262,20.7709258593557
"P09972;P05062",22.6520628149041,23.0085936191223,22.8802467362374,22.5947536136844,22.7392589800468
"P09936",22.5897304521324,22.8530329238481,22.5778871704938,22.814887055396,22.953160445456
"P60174",22.9327193948345,22.9630320332356,23.1463260364021,23.0847948619079,22.9200704706989
"P55786;A6NEC2",19.8219460890039,19.8633554528058,19.9963174638817,20.1625602508115,20.1543360258416
"P04083",20.6107774768012,20.2278522051266,21.270108313385,21.0618670505551,21.195478118292
"O94856",19.5057791215699,19.4657911829882,19.2551052929167,19.2534326402475,19.0088691276743
"P22695",19.4188757359448,19.886076069421,19.7297298635759,19.2701079435053,19.2188070072697
"Q01518",20.0103301127983,19.910987993148,19.956454160023,19.8732328888415,20.1110304053315
"O43175",20.9532212380811,20.9353210273039,21.1795867723084,21.6483109718178,21.4044406072819
"Q9Y490;Q9H427",18.6800787526101,18.1281810617685,19.1651736940733,18.7207302533572,18.4432304454862
"P30101",19.7469566120845,19.8406102455493,19.9229210026264,19.9382278208121,19.9849496420882
"P60201",25.8900799021009,25.931236553827,25.2829271415832,25.6119655299273,25.6161650289754
"P21810;O75460;P26358",20.5374303206738,20.5423413577223,20.1661115536499,17.6390704401135,17.6473161423963
"P02686",24.0007256753151,23.8787342657744,22.9636171631299,23.3702583808852,23.9407838522007
"P01024",18.3544566390043,18.9692561085429,18.9056783299021,17.8588155902521,18.0348240527506
"P13637",20.9970708175636,21.2217745273445,20.6825709464888,20.169840828401,20.5653329679262
"P41219;Q02241;Q8TES7",20.1342985304409,20.6970882203449,19.8034219068614,20.1742969216112,19.295039287274
"P61764",19.0805676382007,19.7432880301902,19.0255728970776,18.805516855219,19.1610390640681
"P00352",20.9002652643059,20.873507897143,20.4759182362368,20.2978181917983,20.735079849518
"P28838",20.3314937909911,19.9701468286261,20.6022640810209,20.6882138285572,20.3699408790447
"P35611",19.5905966628251,19.7858333268291,19.7395501293616,20.1950682083104,19.7678569576339
"P40925",21.5113616985757,21.8445904457447,21.6077483896166,21.5578179014691,21.7800603207477
"O43491",19.7421727041498,19.801293217855,19.1669098103607,19.6461701417045,19.3380662076074
"P55084;Q8ND56",19.307989480031,19.5035545962891,19.4709415768086,20.1049416220665,19.64040016728
"P13489",20.0228105390154,19.6642207988993,20.0445077303553,20.4506452707769,20.189796482431
"P54652",19.8010282610191,19.470885241926,19.8540626779595,19.9414847144087,19.7741368535833
"P18669;O15357;Q8N0Y7",21.8052608146774,21.7939170852962,22.1012083578038,22.0031982189375,22.1564437191075
"Q15019",21.8715780134706,22.1509214040206,20.8485956493007,20.7888447675915,20.8998438352074
"P02689;P05413;P15090",22.7583072407074,22.8293387749063,20.603736342725,20.7389827506438,21.4828572589338
"P15121;C9JRZ8",20.1586492364997,20.7711167515321,20.0827531948046,19.7864862188686,19.9689631903081
"P62937;A2BFH1;O43447;Q9Y536",22.317929594853,22.2411113569741,22.1864405889446,22.1755342951616,22.1619621106336
"Q99497",21.4533190756,21.0277272167793,21.512657284954,21.2583686669785,21.3152459184461
"P68104;Q5VTE0",21.2680181415907,21.1411627188205,21.1858282962394,22.0526796156345,21.5024568508598
"Q06830",23.6552469575105,23.4395170765502,24.3008913292064,23.9931945514495,24.1369907370122
"P38646",19.4379059827507,19.7200279339646,19.1707904236512,19.6212384143584,19.2394392921738
"P21266",18.8865796871228,19.929780175118,18.8848501322271,19.9118858570808,20.4754401483507
"Q02252",19.626170809459,20.0033590801805,19.2471151540071,20.5375788374885,20.0126721579085
"P52209",19.6870428908311,19.558365371978,19.801928874095,20.0022274715969,20.0337314850192
"P50395;Q8TDN2",19.6988702294268,19.8757186368104,19.9160853201569,19.7710300727276,19.9461976447923
"Q09666",18.6012267160882,18.40488953381,18.5653615908362,18.6265423101912,18.0654649487049
"Q01813",18.9882229519327,18.7910633648097,19.0568174319375,19.3714843581214,19.1760473446423
"P09104",21.3451416160712,21.7863075472402,21.2576693314217,21.1360444548694,21.3193246491219
"P16070;Q8TAE7",20.8634811192603,20.7200991719255,21.2990180766943,21.8356469968284,21.5458041803756
"P02679",19.2739854542987,20.5462870695847,20.2327179706857,20.0048566941782,20.3580066722217
"Q00796",19.345718561696,19.2429030856076,19.7876118636208,20.2337300242085,19.288675533218
"P19367;P52789;Q2TB90",18.5066985935211,19.3708122225847,18.9434027050849,18.4068590433936,18.6089363545549
"Q01469;A8MUU1",21.1590416101486,20.3472037092848,21.1625858782015,20.825434381357,21.347371474967
"P38606",19.4039029236698,20.0125153675765,19.5837174182355,19.4566566676377,19.6479178504913
"P17174",20.0065004293088,20.5997128182585,19.9106608280619,19.6604905400215,20.0643020857954
"Q13228",20.4695934860922,20.3604174823736,19.8177612907942,20.3618448782134,20.0457856577452
"Q8IXJ6",19.7117534004845,19.8672397578117,18.7473755248566,19.1950494832917,19.6458886523487
"P35222",19.3727731411935,19.0140252640054,19.4790607186364,19.818806656271,19.5675382049916
"P13639",19.5214539718958,19.4514801073359,19.4909822567847,19.7316957844872,19.8809343031911
"P49189",20.0474940222916,20.0959903915958,20.3721346623598,20.5359512804832,20.6995266929129
"P32119",22.0888991255129,22.2286977462129,22.1056801351548,22.3832063925441,22.1752388073258
"P60709;Q9BYX7",24.0029222261837,24.2707134509694,24.2469144791455,24.3294318486716,24.3096436960815
"P63104",21.1872135290403,21.2922506972909,21.3875126465224,21.5384476918173,21.3807778980513
"P25189",23.9191666860217,24.4855130009437,21.7694906482172,19.9866356043802,20.1032238497472
"P69905",22.4724061783309,22.0018180238116,20.8838158195526,21.1964994721164,21.0504375712695
"P02647",18.5954904771491,19.9273713384767,17.7715157985512,17.1401201423668,16.681476379156
"Q9Y2S2",19.1582818762013,19.1255943582983,19.192954058415,20.2157580362234,19.770847953447
"Q16653",21.3806791296069,21.3965649346687,20.3092359700671,21.272598919717,21.241498134892
"Q9Y6R1",18.4098060615686,18.9688851963832,18.9357199358334,19.1497803061541,18.9287507685913
"Q9BPU6",19.4146866076178,19.1299944191233,18.7791024110522,19.063436636987,19.5140358928212
"O75891;Q3SY69",17.8522697681624,17.5902975315403,18.1482161677733,18.4464234310888,17.5357583249341
"P28482;Q16659",19.7356673594906,19.8690717306913,20.0342451631268,20.1065557567712,20.0446785086905
"O75083",19.1222068945237,18.9445553674094,19.9803706861605,19.7360044033112,19.6333446938686
"P49327",18.2070580763625,18.292087539694,17.7979739756186,18.1280936545922,18.5103670315566
"P17252;P05129;P05771;P24723;Q9UBU9",18.214667177469,18.3195101698823,18.3406121376825,18.8175574229914,18.5328249806565
"P30153;P30154",19.7345478177256,19.8462318972923,19.6219960923484,19.9630612184952,19.8581797600509
"P04899;A8MTJ3;P08754",20.054519943607,19.9829288307074,20.2743069652407,20.5390403400241,20.1883273652206
"Q9UN36",21.4169976576091,21.4390562076217,21.4697920918989,21.8664456469651,21.6229202612094
"P09382",22.1658299075047,22.2010261507279,22.4014186794452,22.4517453246405,22.4395053875247
"O94760",21.0011900081638,21.0188598395263,21.2135688210026,21.3504800042907,21.1097880161634
"P61981",21.1660568684022,20.9482405297291,21.0518941534816,21.059465725568,21.0327761278267
"P16152;O75828",21.4429079510589,21.4387688219391,20.323123968973,22.1175890269391,21.2864888292417
"P02675",18.3814245288059,19.8295473465001,19.5098776440247,19.2182989791225,19.5532984903654
"P04792",20.0738654682505,19.7678267102299,19.7094498356653,20.8748361591786,20.2694253058139
"P12111",17.9801207461224,17.3720438035418,17.4967626670443,16.7967336753972,16.7185616965839
"P11766",19.722478945832,19.9587958165374,20.5872022266646,20.6808808084808,20.4166216783203
"Q96AQ6",18.8405643899615,18.6909219241016,18.6632062733563,19.7747875125687,19.4237892268434
"P80404",17.5905895516967,18.351211282693,17.3685609168334,18.0855951117648,17.4747866299814
"P09211",21.9244645577583,22.2380399280957,22.233999140716,22.5976059983515,22.3475678364525
"P08238;Q58FF7;Q58FF8",19.4977438667142,19.3598780756691,18.7422719526837,19.4654137083496,19.7711233329066
"P30086",23.2095626346597,22.9834460516899,23.1112598063612,22.7433938900144,23.6322094150898
"Q16658",18.3509804310307,18.4481324553823,17.9993429142171,17.5503852179272,18.0556187727276
"Q12765",19.7949787871655,19.9267132199826,20.5027768020684,20.6823640380513,20.3757332997389
"O43301;Q96MM6",18.7844323285577,18.7038803550661,18.0509082179139,18.406848235174,18.3956198854576
"P13645",16.611659878525,18.5761820220584,16.6859964209475,16.6770548429009,18.9901986263567
"P02511",21.2992539766872,20.8370724581784,20.8645303189147,21.0249606202242,22.2103356854117
"P00505",19.3105411507194,20.1930594469014,19.4134588939253,19.1855641394994,19.4382472786128
"Q9UK22;Q96NW4",20.498523678229,20.7545004327946,20.8263396864643,21.2110400866511,21.1910115138669
"Q9Y2J2;P11171",18.3823441531105,18.3750331674615,18.0681469977687,18.5436385303463,18.5153738526249
"Q92752",18.9939764012529,18.8986389608888,19.0824178763024,19.2946343676435,18.9780656066061
"P62158;P02585",22.2253881601466,22.631481020933,22.3956852052808,22.2068709231722,22.2248958992398
"P31930;O75439",19.1045851684229,19.8162367054154,19.4946899915428,19.3624103801942,19.119064140881
"P49368",18.0363021665404,18.3145877273158,18.0708351377666,18.4516074553755,18.3372504123742
"P35237",18.6487363666194,18.9341294436854,18.8761143882973,19.2028989351819,18.8187936667542
"P05023",19.9353710006914,19.9974814187392,19.5774743219531,19.6286121638279,19.824664543476
"P21291",19.9976993772718,20.2710290069683,20.1779643089363,21.0280194469127,20.2690033947152
"O94819;O94925",17.4593990522635,17.256125673008,17.6881703690413,18.2342325528224,17.2463320022667
"Q99536",19.78376815223,19.9513626276544,19.970230321681,19.7816513754812,19.9630946031681
"P13716",19.7493915670909,19.6578569541766,19.8733375026319,19.559039603988,19.7614204178621
"P27348;P12757",19.9793151625286,19.8218044032191,19.4871036364746,20.1761560861949,20.0277633663885
"Q13509",21.7173163953254,21.9789672501678,21.7612170253696,22.0581799537788,21.9285854601602
"Q14974",18.8030260774479,18.4611836492601,18.7358624074841,19.3133026462707,18.9013342988522
"Q9UI47",18.0260056748963,17.7385880854408,18.1975366444277,18.7558873406698,18.0990748357211
"P14625;Q58FF3",18.8267837578231,18.9209675819583,18.862769261233,18.8761660444352,19.3780880490868
"Q9UQB3;Q99569",17.9034456185113,16.9683988101808,17.691315602603,18.0928327379924,18.3109686876482
"P02671",17.1008548848372,18.4307136427897,18.1143476288281,18.4205832502634,18.2526783016412
"Q9UDY2",17.183794750599,17.1586789799824,17.2436266229632,18.3355248241921,17.4414132740369
"P00918",19.9308245202775,20.2677975097547,19.9588290215263,19.6598888690582,19.9685183442573
"P30626",19.8258358145003,19.5672005761434,20.6816516116631,20.3896837351156,19.6765692568768
"P30048",18.6076018916696,19.1787435618963,18.7242563310954,18.8582426481945,18.6647199893064
"P08107;P48741",19.5692925031424,19.5944410582312,19.3458303283103,20.1557127259054,20.0260249610336
"O75390",18.8531142954935,19.3123122927402,19.2239907925177,18.5636651659046,18.8206888659639
"P27824",19.0315643219176,18.7005583567203,19.1626820979984,19.3094305488144,19.2770861608513
"P35579",17.9218237842092,17.2650013102455,18.0954560272493,18.0191680655618,17.914093884803
"P10768",20.0822464155836,20.1811741762299,20.776394305292,20.8955209399044,20.5771537702631
"P00915",19.7768338435568,19.8476979299449,18.7162376695314,19.0994843819196,19.5453048843933
"P27797",19.3740107041182,19.1061612453773,19.3014658130833,19.5932017217937,19.5318964392541
"O43865;Q5VW36;Q96HN2",19.1667848408509,19.1248550149634,19.5355087141892,19.6387386109902,19.5376435201585
"P07339",19.8975644673289,20.3253444924691,19.8713146675689,20.0402154176248,19.8886636421029
"Q9UEY8;Q6GYQ0",18.7875753606948,18.9087143982289,18.9714736940431,19.5865203921155,18.9266872830454
"P52306",18.089861599855,18.0931060392503,17.4789242304286,18.033428058499,18.0704880132804
"P23528;Q9Y281",20.6824318170579,20.5347054953251,21.0519944034011,20.7719248768376,20.8424382102373
"P30044",19.8582137532048,19.8878505811061,20.0423254067841,19.8866250772593,19.661800317981
"P07384",18.1973276139213,18.2656167107995,18.5361728803734,18.7857337313619,18.4440624351287
"P31939",17.8589783886482,17.7112062171298,17.7148870326642,17.696002953024,17.8944208170121
"P63092",18.6268764920038,18.6037003644427,19.1047951906148,18.8821873990892,18.7880000678285
"P08237;Q8N7G0",19.0919297683376,18.8421862816363,18.9132273691661,19.1649183890141,18.9578066923198
"P37837",17.8032030116443,18.1657394799913,17.9805048627202,18.1344826093625,18.0976505281859
"P01876;P01877",19.8039099385219,21.9139569978792,20.1433372556654,20.1668862532743,19.4553483710651
"P51888",19.5085797498376,19.6316184610082,19.2698017608532,16.5348984225363,17.0313744088193
"Q6UWR7",18.6829345099038,18.7889396421062,17.0950801380754,17.7927683398588,18.2289700925864
"P05090",19.8220642197839,21.0180389226178,18.8511507562578,18.9281108605977,19.1315093080301
"P20774",19.6768074277763,19.8842123817883,19.4184201132157,16.0953714647998,17.0226517854384
"P21281;P15313",18.9775922978697,19.4637815058598,18.8307805234496,19.0937577950631,19.1928514229636
"P12532;P17540;P19784",17.9817227764856,19.0876015884455,18.4829328421831,17.4820104903355,17.6062370426345
"P50213",17.8877081351542,18.4609085788256,18.0012019242868,17.672246426017,17.7249770908774
"P01857",22.0781285262379,23.3812616183317,22.1700481848083,22.0453904316859,21.3120366154964
"P43490",18.5994496221674,18.1217534985893,19.3631098490914,19.4185107908996,19.476185440186
"P43004",18.99599093266,19.6839413174305,18.7366030851357,18.7839203232502,18.5052847842024
"P00568",20.3789645362949,20.1848308583839,19.5735525671372,20.452424042315,20.106592157029
"Q14CZ8",19.8869609492634,19.7346891273405,19.5093216024885,20.104831911097,19.4689437865748
"P21796",19.5179062217533,20.127820794585,19.7644364257489,19.6187242012878,19.4517066947576
"Q13510",19.4164300979457,19.1723162278844,19.1147711892923,19.6743450688843,19.3383203224756
"P11021",18.9617691113991,19.1300991884071,18.904275612198,19.2513774497498,19.1964162626805
"P49748",17.4560888791241,17.670024236401,17.8398523329032,17.6659777692443,17.3137387966802
"P09471",20.6582846160319,20.8744236494336,21.0996363498857,21.0731547629938,21.1105639537031
"Q92823",18.0128923610823,17.8248163944268,18.067087633535,18.4890421914805,18.0462870678344
"P22234",19.1415796847158,19.3311060091343,18.9566752636261,19.0353243974809,19.1770263460274
"P45974",17.9881367975015,18.0459749666479,17.8294278435271,18.2755298751504,18.1177524885828
"P24752",18.2843566741935,18.6382765795538,18.5987813586635,18.8953089798506,18.6004447310513
"P49411",18.5867423119055,18.9007466020304,18.654357670651,18.7140149004091,18.5700409362917
"O00764",18.3720777970728,18.4085304034244,18.0462084496123,18.2853990464696,18.4405196901824
"P04271",23.5248692125923,23.1126506013276,23.330932657675,23.8257227772951,23.3207039251087
"Q15084",18.3665994148851,18.2107996280295,18.4826362486402,18.4609293688333,18.5134998679958
"Q9UBQ7",18.5520113942193,18.6141482085114,18.7717352838299,18.7041518319636,18.619997252814
"P01834",20.8580335503316,21.4992261289623,21.1661043899847,20.3759613078318,20.3082336652794
"P29972",20.8492251138752,21.0378089014176,22.1899261514536,23.1089207384548,22.4454167438993
"P45880",18.9419497481926,19.7046278456244,19.3932149399617,19.1880724105627,18.9547639753392
"P20916",19.7036269714677,19.7653934324042,18.1616340836902,18.4662764413966,18.9937736882808
"P61978",17.987643865082,18.034243098534,18.0478467796645,18.2341474845935,17.8970547857362
"Q9HCJ6",17.4616787152213,18.0702827557115,17.0929199776483,17.0224704600995,17.4025367698575
"O76070",17.6740228282209,18.5970578423925,17.8613388650892,17.7394422633937,18.7768990409049
"P09417",20.2535078541897,20.5360352432165,19.4345687127527,19.8692014631471,20.2096920482634
"P49588",17.5082871775828,17.2161327912681,16.8275226773851,17.1518898511289,17.658254104111
"P0C0L4",18.0016094863945,17.9956005399182,17.9741681564481,17.5887882196961,17.8415311971337
"Q9GZV7",20.55748510834,21.1282190442335,20.0474674665136,19.9360811173704,19.985309039689
"P00387",19.000859307989,19.0184643131526,19.5730340116598,19.5210912713417,19.7755875368135
"P08195",17.6728233134924,18.151203332218,17.9332472109318,17.669425661676,17.9175361980641
"Q9P2R3",16.0311066686433,15.4603776675914,15.6282424352948,16.4791262901363,16.0731496498038
"P09622",18.6441077706641,19.1061743876203,18.5851217613224,18.5534397255049,18.6545122852683
"Q9BWD1",18.2892887289289,18.2361645655708,17.6862071931961,17.8157607307671,18.182338293891
"P21695",19.7533161617959,19.5493156872038,19.3720195030963,18.9631055028832,19.9263305651106
"P52895;P17516;P42330;Q04828",18.0813330936845,17.768943229305,18.5926523529988,18.5575432696729,18.4271840407612
"P28331",17.9078570467631,18.4477940152241,17.9129990807227,17.2666641749785,17.6290707228619
"O43488;Q8NHP1",19.265094214683,19.2144664601293,19.5435114218949,20.1753268393705,19.9094735053496
"P14868",17.602945558917,17.6991872622471,17.2564514319141,18.5891264356862,17.7371743544994
"P02792",18.7441976864725,18.8730513724283,20.0744086058303,19.0365508539162,19.3135939935892
"P52565",19.3196791654746,19.481429983882,19.9673242157244,20.0712175438065,19.7293858609898
"P51649",18.2325789488161,18.6656465809873,18.451023543197,18.6726845501728,18.5763660119963
"Q9NQC3",17.7532976302294,17.6051471302788,17.7563422471569,17.6647475324457,18.1001891163155
"P00738",20.1032560156582,20.9300034904521,20.0343958384553,20.1625417511612,20.2267416195913
"Q8N126",18.6213104235724,18.505578753968,17.7733033217154,18.4356519292723,18.2914269982244
"P15311",18.8545950958129,18.5421440809387,18.5684703899117,18.75263496139,18.8727188902393
"Q00325",19.1357937678673,19.2280369071175,19.5160067298092,19.0720934880167,19.1683088137458
"Q92599",18.9757452562567,18.6949971453459,18.4851704684571,18.6100115555597,19.2540916258923
"P30046;A6NHG4",18.0634180038331,18.060464523725,18.2395781456871,18.1432012431917,18.5358579055229
"O75874",16.9886853942116,17.1108488576242,17.2599587369381,17.6384305130798,17.3879594823429
"P17655",18.2354142768793,18.0916866172215,18.5608128183423,18.6019468340975,18.539329725155
"P22392;O60361",18.7627164451384,18.5351466983994,18.6257636194756,19.0381888873539,18.4718656883818
"P63208",18.7135288970576,18.5395798888363,19.1689568716529,19.2557295528062,19.0040974573796
"P51149",18.5869121734834,18.7424035075862,18.826379461851,19.2436866323609,18.8980681836356
"O43707;P35609",17.7546747895744,17.856854821487,17.6004989201552,17.8260238139336,17.4666381105605
"P61163;P42025",18.3042293028815,18.463242696983,18.4388371890278,18.4924127573848,18.5070320214643
"P62873;O15213;P16520",20.464977038055,20.5607608340498,20.5510087508762,20.4930855296516,20.7394384606253
"P50991",17.8169974360047,17.9034740839324,17.9048951215999,18.1659992269055,17.9506290934519
"P78371",17.0953699652958,17.1838615502197,17.3114129645254,17.4099340732075,17.2826511242584
"O00429",16.8051442341217,16.7730289954017,16.6361080149792,16.8019397786144,16.6639622875294
"Q16836;Q9ULH7",18.5084229501306,18.5538029144496,18.932672879091,18.7188307615467,18.9576137606622
"P31946",19.9638905254323,19.7285922126334,19.9086037718227,19.8999684024703,19.9749580447116
"P00441",22.5375762509152,22.5723670324873,22.529401311975,22.887311487141,22.6159420135599
"Q14019",18.1343735647503,18.4929615530237,19.1503447680514,19.0785501474854,18.3809467272426
"P00492;Q9NRG1",17.4416342816871,17.9132508565761,17.3071939051032,17.0324787407456,17.3212625011916
"P14621;Q5T8P6",17.4647451626575,16.4964322174802,16.8362750962516,16.7396911700006,16.3779323682102
"Q08257",17.1855345238035,16.7452260771245,17.7668668262128,17.1116882912393,17.5917141168577
"Q13938",19.7206732709194,19.2985972611512,20.250063510195,20.0070093597354,19.3193376637573
"P29966",18.9199951816022,18.4759715521921,18.3984558304405,19.1603972554573,19.7249061037247
"P17302;O60271",18.9768106854744,19.1587513207651,19.7406638148304,19.8945899508806,19.7239701716391
"P15104",18.1765170045177,19.0755909832214,18.4828362677602,18.988979676816,18.4541320393484
"P35232",17.2759182829722,18.2057887069808,18.059439906688,17.8443248242317,17.5997543128895
"Q8NFZ8",18.4210869032989,18.7980720263627,17.7225383548879,18.2591806181748,17.9900423735313
"P04632;Q96L46",18.9718410608857,19.0113054773109,19.5147101107712,19.531629587077,19.101779198732
"Q9H008",19.710829401335,19.1628630393834,19.0372336251956,19.8278134724243,19.7404188832299
"P48163",17.4144136374589,17.6922839877331,17.2928597990633,17.388485789795,17.1791950061077
"Q96GW7;O14594",17.5380620835237,17.6925274430522,17.8092715206119,17.7944330670854,17.3855156546739
"P26641",17.3066148063133,17.5228949426517,17.5215404711862,17.2375244005485,17.3132466504164
"Q99832",17.5597500935002,17.2758527178237,17.055616762292,17.3546956657726,17.7233854572133
"Q8N335",17.9086042682927,17.5703987208965,18.3411023307452,17.708094223914,17.9502578933027
"P00491",16.7938707070526,16.8966727023253,16.7149055232683,17.1734670992231,16.666895680905
"P61158;Q9C0K3",18.6590788389804,18.466418616159,18.9132642643412,19.2041900800683,18.7551109464394
"P53396",17.474209845792,17.5510289079526,17.5744640361043,17.2087845503521,17.5514324892854
"P18206",18.131847604996,17.9469295132827,18.7132591953512,18.1683563337068,18.3136919356494
"P22061",19.1859707284972,19.0036912463084,19.1637800499384,19.0741290025277,18.8862291373595
"P13693;Q56UQ5;Q9HAU6",17.6384359257747,17.326916768561,18.1107498284722,17.9173389624922,17.8851321214054
"Q8N8N7",17.2652643395864,16.9675668932448,18.0215930783819,17.8377074591052,17.7249546660354
"Q15257",17.5184044002375,17.7605409220559,17.8785657571663,17.9724795630804,17.8297323595394
"P07237",16.720527776288,16.4677742961585,17.0264400397566,16.7522258191941,16.922615685735
"O95865",17.8703940533346,17.4221486199957,17.972085812392,17.7189493863773,17.7056031276689
"P51884",18.7557457325728,19.0144480675992,17.4499786535616,15.0412796997188,15.5090219038557
"Q13336",17.6098596177384,16.7862180383562,16.1917484343125,18.9134865451996,17.4496680463998
"Q92597",18.1305941969607,18.1027960272566,16.8988184271165,17.3472085657284,17.9398718407557
"P0CG05;A0M8Q6;B9A064;P0CF74",19.8451859930222,21.4034302172398,20.259633611871,19.9966505710412,19.0967407808414
"P02794",19.4171031563857,19.335580081014,19.3743730627436,18.5514552559529,19.519337567554
"P07585",18.2337745072497,18.1259818732965,17.882335845171,16.2780283953809,16.3294348966804
"O75746",15.8236913616332,17.093641666032,15.8584976520815,15.3867951547041,15.7100293251947
"P11498",16.7585441925893,17.0607385511204,16.1284902143616,17.0301420539387,17.0413365798422
"P31947",15.1516854654821,14.1214409968578,14.9375907653874,15.0382460385872,17.9746298356702
"O95373",15.5610022002809,15.5240938224401,14.9381209582681,15.5258220575968,15.6174263304406
"P17600",16.7373302105199,18.1180698843028,17.3414290623104,16.6339002461708,16.7120638635778
"P00403",19.3754798348626,20.0950247207021,19.5575853688781,19.0809462845272,19.2583546763663
"Q9H0R4",17.9700472021593,18.0378974391966,17.7913550372806,17.9914387487084,18.3862201358722
"P40121",17.5000638641858,17.1368203111754,18.2249942160467,18.3956788099015,18.4938886835668
"Q05193",17.6519094517679,17.9441642119816,17.0348856798486,17.2390360632773,16.9672651063972
"Q13642",17.8929290592096,17.1688247915928,17.9226901633205,18.6146981906075,17.9582652922529
"Q96FC7;Q92561",16.8397598312928,17.2311617283176,16.9912447567225,18.2355549460311,17.1682160755471
"P36959",18.1201495684815,17.6673008328497,18.8274892514938,18.3547380180621,18.1892463154647
"P23381",17.4860995583164,17.6812147218201,17.3733135541985,17.0201663286555,17.5778160359967
"P11233;P11234",17.6635422642268,17.8434262987669,17.6238754387346,18.1204353121329,17.5672832017568
"P05026",20.0239462547517,20.495330109695,19.3445847455948,19.425260830692,19.6701636237784
"P55809",15.4516838927945,16.5069906496878,15.7545778344578,16.63135708718,15.7195874489761
"Q9Y696",18.8247188110611,18.4248680846895,18.7399570808923,19.3113218163239,18.9331358154066
"Q9UHD8",17.4760408728814,16.7022039631697,17.1701696311871,16.6729640474049,17.0356231261985
"P07737",19.097478815732,18.6345187051177,19.2787652553743,18.9555120499581,19.1551236668209
"P63000;P15153;P60763",19.1858252723757,19.3277609545714,19.7883396519971,19.5671310594557,19.5304442556999
"Q7L099",17.1470019455528,17.1510513676059,16.4531471648864,17.0961099669731,17.2185208273032
"P07437;A6NNZ2",20.1577564791247,20.3494070825499,20.4607110245048,20.6241101876186,20.2632275275953
"Q99962;Q99961",18.056768299255,18.2945735259848,17.7592504662737,18.1483373192001,18.0067945906548
"Q9H4G0",17.0083530031143,17.0292187394879,17.2049702139639,17.8120396467606,17.2687647859329
"P60981",17.8620607110915,17.5942601818509,18.2323037170916,18.0011159459392,18.0196852940037
"P07954;A6NCI4",18.3069876874866,18.6021945862197,18.2037149538241,17.9821055645398,18.5716469530614
"P34949",17.222640872694,17.5886475871958,17.8073641181735,17.7658330098985,17.9196369816634
"Q92499",16.3909263674667,16.0208812299441,16.3027165723967,16.4151401521395,16.4776451881113
"P35241",15.4977621219512,15.1254052182884,14.7544517788994,15.702161176628,15.5039072294999
"P23526",17.923136417082,17.8139164532127,18.0424740249406,18.3021867552113,18.1471381835153
"P40227;O14727",17.5697579250993,17.1990225772735,17.1214660971439,17.517977802006,17.5828895114569
"P60953",18.985686359013,18.8968109735265,18.9807573573629,18.9375660017,19.167458320108
"P06899;O60814;Q6DN03;Q8N257;Q96A08",18.4265675875121,19.8702929629127,18.8523308610539,18.7224052056622,19.2921928326701
"O94905;O75477",16.423249236938,16.053181764544,16.5933999869577,16.6277099816663,16.7167349421528
"P14415",18.5051667201252,18.6906269759,18.4979255331084,18.5457521355006,18.4980604143231
"P13804",16.8997256221704,17.3067862598738,17.0738985218782,17.5399928785085,17.1902822700597
"P62140;P36873;P40938;P62136",17.6745895151453,17.4162333153442,17.6580462396998,17.8246671963718,17.6108122205028
"P00450",16.798259085153,17.0209616844136,16.5336226525216,16.8682046009819,16.7293643190763
"O43813",18.2382119852618,18.345680331358,18.407016051884,18.0683053084384,18.5442033074544
"P36542",16.8703383434396,17.5031270961035,17.455554291689,17.0587272309721,17.0822466831143
"Q14697",17.3418716321866,17.1927527509019,17.3470761272534,17.2227732519502,17.4996951882146
"P27361;Q99759",17.3741059882795,17.4299851432209,17.1515552341559,17.4312612542898,17.396226227291
"P52758",18.2058088637936,18.2337077931212,18.4683844156361,18.6881624535112,18.6448003982865
"P13797;Q14651",16.7588094237947,16.7874784581756,16.4543389872055,16.7085528401437,16.8476747945662
"P60891;P11908;P21108",16.564844124249,16.6196747522046,16.7688818525503,16.6211470396959,16.5806122806719
"P02790",17.8867162113045,18.8224537866259,16.8745997290939,16.7378577340067,17.1881130416818
"P08779",13.1881292039771,12.9349733759839,13.5304675029875,13.1485051323709,17.057652292716
"Q06828",16.3886344669016,16.1624403449054,16.8092277881641,14.8052302045274,14.7959401458933
"P01011",16.9091638369945,17.4743345838654,16.9174372307376,16.8624363597497,16.3791880793422
"P04179",16.8936242082439,16.8567620916245,17.4988489770313,16.3617907902451,17.6655678632912
"P02763",19.5070139041262,20.2565169416828,19.4996501893055,19.2453674965107,18.9949266872353
"Q16798",15.6516014629183,16.2125561215316,15.1950705353241,14.7466697123369,15.3514930503694
"P13647;O95678;P12035;Q14CN4;Q5XKE5;Q7RTS7;Q8N1N4",12.3991331466161,12.9991605392571,12.6385534938966,12.547205740569,17.1719920308479
"O60313",17.2964941754651,17.4379861088865,17.4684726805847,17.8031574317845,18.2115903399661
"P13073;Q96KJ9",16.3141981836491,16.9575768256835,17.059525848162,15.9189968747,16.785542459009
"P78417",17.0869008234796,16.1844077984048,17.6482594139222,17.6157762736597,17.095432130104
"Q9UI12",16.7118885137915,17.0358837597827,16.5382680795582,16.163268328327,16.634430881135
"P06753;A6NL28;P07951",16.7173464966451,17.4895794662014,18.1971383287638,17.4277480902658,16.7903670007197
"P51659",15.808177493644,16.5797142129369,16.1814917759204,16.7307777469188,16.3776433358026
"P36269",16.3593591602852,16.6445636794972,16.9445130013897,15.5251869364506,16.4979349290536
"Q9HA64",15.4278650841753,15.6425751985159,16.1408047402061,16.5477312981575,16.5639481025578
"P10599",19.4072969164474,19.4445859795839,19.8492966605852,19.8421250934617,20.2273399087733
"Q9HC38",16.4060109724774,17.04548858725,16.9728062226869,16.6762142449324,16.7823392673788
"P62979",18.1384862977205,18.4106168914333,17.63833544305,18.6245600927706,18.1205411907168
"P08559;P29803",16.8688637914751,17.4520939829436,16.871803737809,16.9809544799483,16.8505374126601
"Q9Y277",16.9787108273791,17.699719826985,17.1531602744246,16.8275456975638,16.5146300538497
"P62879",18.9820279223028,18.937617159837,19.4139605941965,19.5375049151436,19.0614818077562
"P15259",17.3081445769932,16.7129733587673,16.5290770047005,17.8641156194112,17.8085042259802
"Q99426",17.1335656306556,17.1706547717137,17.2398833350368,17.7647987688514,17.3962331487854
"Q9UPN3;P0C7U2",18.1031885535931,17.9101206413188,18.1648942391126,18.7544963982133,18.0476206657836
"P18085",15.8103607107026,15.9262802759208,16.1725024828187,16.2661250366996,15.8813891550528
"Q99714",17.4657103590944,17.9683109462945,17.3067303218344,17.5029725044076,17.6507889322379
"P31689;Q7Z333",14.334077353914,14.3399843922475,13.5397795187071,14.4983095544787,14.5528838153923
"P34913",15.6887658308235,15.9344664983904,16.5305321908689,15.6098486355105,16.4480493278001
"P23284",16.7175418100546,16.6205757082626,16.7775377170239,16.2543225815456,16.7014050321326
"P23634",15.8985280079771,16.0554796244585,16.6354253040142,16.8966604413297,15.9005318383235
"P11586",15.9370078588821,15.740283959226,15.9660543384862,16.65029625498,16.5477170979741
"P51674",18.3939004306959,18.1020675942751,18.139419743098,19.12540925897,18.1438537943529
"P27105",17.123854182347,16.4836407996146,17.189095514032,17.2573696691549,16.4425268954016
"P09960",15.7144844980908,15.7913199519221,16.160246744889,15.9875130743457,16.3436517963804
"P29218",17.7395021794247,17.5044135712417,17.977670323789,18.0057577897142,18.0877646336325
"Q96CW1",16.4106220291908,16.8266785707223,16.6468868642853,16.7793578084803,16.621115606113
"Q16851",16.8621497398036,16.7549845363166,17.4804802674151,17.3806438584149,17.2982712369388
"Q9NSD9",14.4230396571867,14.8794463566776,14.5340062921425,14.2112484801029,14.7206606016028
"P12814",16.0026859516199,15.7202954445534,17.0658549029916,16.3446711736472,16.95404836265
"P11177",16.0811493145565,16.4818825089845,16.3397688524901,15.9102591078086,16.1905596708684
"P43003;P48664",19.214465249853,19.6162209433267,18.6699994422486,19.8514817842512,19.2927387005334
"P30043",18.7035364222605,18.3295252366004,18.8310351041641,18.662023654146,18.8053369511925
"Q8IWA5",15.5483354096538,15.3932028410478,16.3285967450833,16.4221675057114,16.1340799258134
"P17858",17.6258389732197,17.6452457079353,17.5584937832772,18.3225737217298,17.6161675868286
"P23297",20.1449805067172,20.0848390140644,20.0375768455147,20.2976411782967,20.464714312438
"P50995",16.6217485401188,16.6628708040945,17.1160237183001,16.4518784769526,17.2356593278326
"P37840;Q16143",16.5757661091051,17.3608815854036,16.4793282175261,16.7368083111813,17.0162894316848
"P61160;A8MX76",16.1780444574643,16.3015882618063,16.3530459378009,16.9481388652217,16.2895027945774
"P09455",18.4056468595731,18.7479672198727,19.1509799279057,19.4106934117727,18.7582166670237
"P61088;Q5JXB2",18.4328768414544,18.491376801777,18.7804597008207,18.8174506679442,18.6124240276101
"Q9C040",14.943602391701,15.1890425396066,14.9018172175832,15.742696383743,15.0061790104771
"P19338",15.6738157498046,15.6409684372505,15.8469476595638,15.4669474534093,15.19802908457
"P55060",16.3711270348717,15.2905498170645,16.0296732578476,15.9011158366261,15.9248722738881
"Q03001",15.0314611976288,15.2029698498062,15.0974742442627,15.5337118568221,15.477856554662
"P68402",17.8338320487661,18.1735655312701,17.9931121463714,18.0841874693524,17.6780810751325
"Q9P2R7",16.2882180919892,17.1224856711525,16.5033830705256,16.5934882628134,16.4353551868928
"P61970",17.4995365707971,17.8354942725854,17.7283605216883,18.0077540729015,17.8293741421934
"P50135",16.7737996058984,16.5188276756734,17.6065238301493,17.0001632700971,16.9289374907334
"Q9Y4F1",14.6377439741398,14.4135588136032,14.7899445768542,15.3444783307242,14.4725021494563
"O60664",16.2903554678475,16.4249055747975,16.0538497026824,16.1823314940547,16.4935140044916
"Q07021",19.6898727777431,19.8011833969282,19.8090856367262,20.337445196788,19.5417906856107
"Q9Y6C9",17.599060696574,17.9318938606367,18.0412134397896,17.8877632297272,18.0480199119885
"P02545",16.4276708000812,16.3539701437386,16.702806609863,15.8797441558416,15.6518687872244
"P28161",17.825618670951,18.1785116478088,18.0582161666373,18.2218638676112,17.9760423006484
"P49591",16.592758325906,16.7409861344536,16.4191210402786,16.6223066862528,16.638512312394
"P10909",17.4467475885421,17.3106174578628,17.3146619232035,17.3351473869326,17.0707007101184
"Q08209",16.2414378148159,16.9297267587376,16.3951032326789,16.6244057229325,16.4542306124575
"Q96FW1",16.4914677294083,16.6853134607753,16.9110371697213,16.1063307782833,16.5184143209452
"Q7L576;A8MYU2;Q96F07",15.9326240051088,15.9248050367235,15.8217989106901,16.1359038165341,16.20578667867
"Q02218;Q9ULD0",15.9397329587896,16.4656001466984,16.5358328177287,16.1907960593171,15.6772315435276
"Q9NTK5",17.5158944849032,17.4120080393767,17.0797107337914,17.1861220665225,17.7176023085211
"Q7KZF4",14.7745659554041,14.1005566176255,15.143235728597,15.1626431465658,14.4692097285598
"P01019",16.0725984159563,16.2451426468831,15.7521035042032,16.4296220101762,15.9121671306052
"Q08380",15.3495922013913,15.0600900838966,14.6738055158769,14.6638515034287,15.2291592061575
"P05556",16.3722124947009,16.3113091873901,16.6143402822699,16.0322304692509,16.2089616442057
"P78559",15.7245716648628,15.6767388129573,15.5498569531731,16.1975070588148,16.2017909759215
"P13796",17.2739055752476,16.9481301236118,17.9371343740172,17.3913045131419,17.2952442633575
"Q04917",17.6405993713243,17.6918145037689,17.918975648423,17.6109778765941,17.8844702284901
"Q9HDC9",16.0315439936938,16.4657932948264,16.2073786185817,16.5837657615477,16.0505896186625
"Q8NCW5",16.7411688729055,16.7607044310589,17.1018217799112,17.0447206731898,16.764390581915
"Q14203;O60760",14.9338880235073,14.5769741064232,15.2311835808325,14.9026922841705,15.094587099471
"Q9Y2A7",15.1722807707267,15.0553727759012,14.7909385132434,15.3847800099168,15.2402055712785
"Q16799",14.6438499721864,15.591097431164,14.9895382806653,15.9567159423867,15.1495138592068
"O75340",15.9742214761812,15.8032633912174,15.9729406566793,16.2289752052632,15.8284335909357
"O00410",15.4008414076261,15.4146046101613,15.6541804645034,15.950032601877,15.7281972880047
"Q12797;O14879",14.2216997841012,14.8808538919012,15.4129650071476,14.9978586778621,14.8363043512957
"P36776;Q9NQI0",16.1931513153881,16.0995969386166,16.2841458206351,16.0403256849735,15.9517925064802
"Q15907;P62491",17.2785864002747,17.2175053934334,17.3555230092026,17.7212056600303,17.199728189614
"Q9HAV0",16.1809827687804,16.0327406844278,16.205992275365,16.2712213686223,16.0856674526364
"P11047",14.0984863211994,13.8553780306113,14.3758088847146,14.3029764925961,12.9996324987855
"P01023;O95170;P20742",17.6603130406677,17.6136417620343,17.6578122798228,17.7515418490722,17.6799185718831
"P61586",18.0152115570925,17.9754517576346,18.3853204570538,18.3979819459838,17.8755014219536
"Q7Z4W1",15.4131148109967,15.7217045540564,15.6688667672383,15.8420402297165,15.3384868320787
"P68366",18.897947617168,18.9111087275876,18.9783012543663,19.126316737196,19.0343666430745
"Q9Y5L3",15.7416342379407,16.0917808511309,17.1407018133312,15.3827166353347,16.7537604066573
"P01008",15.4088911722183,16.3619986493281,15.3621818330921,14.4879603876135,13.8964304345774
"O15075",16.6003420250083,16.6077737686315,16.4580832565996,17.5600185589218,17.0962603889409
"Q03013",16.5786876186247,13.5578710174145,14.2534055858387,13.1767907357194,13.2970551380103
"O60888",17.4985166838153,17.4762848967149,16.869877457139,17.8351738817268,17.549921653067
"P60660;P14649",17.7906406293335,17.5860628497521,17.9281506492427,17.2444738947227,17.4718529865518
"P62805",16.4349398989986,17.3942074142348,16.8707143486744,17.2160291139484,16.2491078225319
"P02533;O76013;P13646;P19012;P35900;Q7Z3Y7;Q7Z3Y8",12.7569863874998,13.5633917658254,13.1133059357818,12.8722046208879,16.6610004880203
"P30042",17.3138438041458,17.9122830534306,17.1915416621414,16.6630908443684,17.6324784686593
"P06703",18.564328406523,17.9278357771164,19.8081321608439,18.3345247270648,18.7871713588944
"P27816",14.8166308373059,15.0056616289103,13.3012702583527,14.2024369056393,14.9092415798355
"Q9NRV9",16.7000929252098,15.4039392066716,15.6717644105394,15.2270674145956,15.6399603559668
"Q02952",16.5987701103206,17.428747470741,17.0371330406802,16.4605588144948,16.6883991339109
"Q9NRX4;Q8WUM9",16.4614656703547,15.6876268872938,16.7381184672289,16.4020809674812,16.9288980722222
"P07947",15.6477208658,15.6409421926196,16.6486304217006,16.5102570291041,16.0095488871852
"P35573",15.3630061238587,15.4895457151891,15.3011560316272,15.9755891649659,15.3123784847881
"P52907",16.5074412849812,16.8653832037688,16.6900096125031,17.0138092656736,16.602907734686
"P24539",18.1988570457749,17.7643282295366,17.7997355499774,17.5006319769124,17.8386678588843
"Q86TX2;P49753",15.9179014758218,16.9931090268815,16.3672636698084,14.4273472787897,15.6235318287342
"P61266",17.6395880048264,18.4712668185035,17.6283938858782,18.0868384792935,17.4833644921056
"P0CG30;P0CG29",15.5770021444404,13.9471513299166,15.2108385356913,15.9190233774599,14.5999548889355
"Q13126",16.3691856700064,16.6624670114178,16.0593436586576,16.6642387878857,16.797045332699
"P62826",17.398804499497,17.746687423635,17.6117802809457,18.03741058077,17.7372902695277
"O75964",16.9293031817442,17.378594947646,17.3376342072677,16.8768393730811,17.0322328841805
"P78344",13.3213466717343,13.0564565938076,12.7567899013655,13.6221144382254,13.9967195189049
"P22626",15.5653275168345,14.7416896742348,14.8715591379248,14.7059422898336,16.0008519893589
"Q9H479",17.0131555464935,16.7086225091161,16.4644687558394,16.3690376562436,17.1146234038663
"P11137",13.154336715453,15.0492554254546,13.7800792866887,13.1385245509295,13.4702919831518
"P14923",12.4945074977399,12.8469768623938,12.5378257598969,12.6741025333602,15.5096027092627
"P16930",16.2887252850081,16.6140663024874,16.0627156413128,16.5622019759707,16.7612699181041
"P61224;A6NIZ1",18.0762228263003,17.9156716995881,18.163455247162,18.5540443423364,18.1304241446352
"P04350",19.439139848483,19.6164888099387,18.7161041097986,19.1609348814356,19.126526802212
"Q15274",17.4028387543255,16.8019183058892,17.7090109151829,15.9687192695588,17.7050829753581
"P12235;Q9H0C2",16.5525190299424,17.2941109102333,16.9142160335756,17.0283118754919,16.7100628615232
"O14773",18.6203911181632,18.9679874088114,17.9961990727372,18.380502400592,18.7784940152903
"P04216",18.4583700597057,19.4422367463525,18.616800375329,18.9365623252925,18.9651313238476
"Q13424",16.1256713645159,16.306552243426,16.1116923538828,16.7357502518345,16.1284688242695
"P34932",15.8304572437575,15.8692974033131,15.433959583635,16.0223067239633,15.7115573451234
"Q99623",16.4382206341151,16.649824651896,16.6014638961876,16.267421852131,16.3067930078645
"P21926",20.7931695275519,20.4324825485045,20.0623587057222,20.3645572285711,20.3176497083829
"O75915",14.7045687546056,14.8358084105664,16.2949903882201,15.073439210272,14.9553810722326
"P78324;Q5TFQ8",16.125341576942,16.2734433761882,16.0398805323882,17.0105666690894,16.4040171404104
"O95741",15.2222911384556,14.9170826618706,15.3426301343664,15.3520519367419,14.7286688607388
"P11413",15.4240057234913,15.3541412152605,14.8230204804474,15.4801980290149,15.2987324083398
"Q99829",15.422037232594,14.4862005741114,15.2439354907661,14.3413361709992,15.622699919109
"P55087",20.7761776296463,21.0861306771796,20.6211173052078,21.5707669227207,22.2403756916225
"Q9Y4G6",15.173775193855,14.3831195155429,14.6339064685654,15.7046370029242,14.9108639401341
"Q53GQ0",15.577759969239,15.8989043958494,15.560257626934,15.6593573694625,15.6723537203125
"Q9BUT1",16.5335529508514,16.6073722875548,17.2564222482712,17.1488346841537,17.2058714760668
"O00154",17.2700660857274,17.9626154030623,17.2261964669134,17.4172727939914,17.2371779557333
"P50148",17.7617729307112,17.5627622307803,17.071107027318,17.863748984494,17.9215515950649
"P61026;A6NDJ8",18.2276699342665,17.4075949259828,17.7109589784278,18.213953869583,17.9115334519566
"P49821",16.3796074177474,17.0104765657952,16.254251965659,16.2883055342599,16.156307625198
"O00186;Q86YW0",15.6511903470758,15.2749342318085,14.9470244130022,15.2819440734341,15.3345355389191
"P30084",18.2846474867817,18.3859666268753,17.8819096678411,17.8440528793724,18.3102000816915
"P53007",15.0301363271485,15.3874597804867,14.8670945312973,14.8096188443931,14.9921706257995
"O00571;O15523",15.3565041674622,15.5256923835039,14.9474200346374,16.157791848699,15.3412556699236
"P04040",14.9908409413601,15.3040058498172,14.5394130877732,15.0237472091322,15.0783435421769
"P15531",17.2079603279671,16.9458258669422,17.1214723064296,17.2807413833275,16.8207868589477
"Q9UL46",15.3209318345453,14.9802037590714,16.4088036911261,15.1066585698121,15.4536931773276
"Q15165",16.5735503148979,16.2924287760327,16.0522201757949,17.2474009114029,16.8365175555053
"P49589",14.5808178933202,14.1456973528218,14.0018942314111,14.3932790567634,14.3422401734093
"Q07960",15.1174803363974,15.3838531863203,15.9856671686313,15.3593995655095,15.1533100288723
"P00390",16.9276442584653,16.8824017807589,16.9414219188084,17.1497651361302,17.2801560255189
"O15540",16.8313086173722,16.6622574927778,17.3147267100895,17.3414491520467,16.7833293711611
"O00299",17.321958135072,17.2523482296824,17.6386765832104,17.8669811850791,17.7864517044199
"O75489",15.2513220317509,15.6281198869955,15.2896812415715,14.9390099028059,14.5984482736285
"P60033",19.1328337118775,19.2926060622882,18.9816247144582,19.2404532152227,19.1112447825323
"A6NCE7;Q9H492",18.5100866468736,18.7284814084503,18.23489380045,18.6829910069758,19.0132870215819
"Q15555",17.4360077427332,16.8286598012216,17.2532817618086,17.2051033109727,17.4543697815941
"P07602",17.260869085306,16.7646960261883,17.5477628756658,17.0998416983328,17.4182916116286
"P84095",16.5604693988539,16.1348297876165,16.1339556376674,16.3225430381405,16.2899481807448
"P54920;Q9H115",16.5052377483124,16.6728171505319,16.5206057462974,16.3049631422,16.5531516413958
"Q7Z3D6",15.4802610777929,15.4979413666246,15.3632553585032,15.4909907652125,15.319303430016
"P36969",14.3898702402634,14.4197049295204,14.9987395207246,14.1177313402891,14.6825638857947
"Q15334;Q6P1M3",15.0816445461303,15.3743312675749,14.8240425088469,15.3880374665462,15.0858830601028
"O43837",15.5513178481079,16.5151949365141,15.7151532466802,15.1458466203278,15.7141163676652
"Q15631",15.6914928739993,15.0459929906636,16.588604996255,14.6727880611275,15.5577425135653
"P10155",15.3977782886596,15.280225354645,14.7930096805852,15.0774325809792,15.5194683094341
"Q9H8H3",18.5962114396433,18.5353672768497,18.9121565778437,19.1545972028699,18.6418659346798
"P02774",16.3494351283932,15.9458279027152,15.6322878450313,14.5460202028555,15.2976399624599
"Q6IS14",17.2041687823631,16.9486485497274,17.4165980042343,17.3308885965144,17.3442819215239
"Q15366;P57721",17.5227606695667,17.7769067809277,17.569960681531,18.2270739522749,17.8403531827779
"P10515",16.5303239266018,16.9584356548245,16.8113459658078,16.517672985928,16.5057660799486
"Q9Y4L1",14.570485585747,14.8559889873136,15.1329257704975,15.2049420339282,14.800514973686
"Q06124",15.2665152505098,15.2100489653398,15.4931827893954,15.5889169548324,15.8846234533995
"Q9Y376;Q9H9S4",14.7967451139794,15.0737903989633,14.975361309614,15.5284504255747,14.8202831020022
"P10644",17.2782793838188,17.3940485016997,16.8396030230231,17.4042275242874,17.1682161255579
"P13987",18.563741270437,18.8119758319746,19.0068390313861,18.861151265766,18.7986238917148
"Q07954",13.2644323601445,13.3662880517817,13.6528635209753,13.7152989563378,13.0564157593753
"P62820;Q92928",17.6808692413754,17.9761227393854,17.4992784092287,17.8394730295342,17.7815049463204
"P63010",15.4572794590417,15.5660337090501,15.1751801601223,14.9379006879043,15.6567309270532
"P23434",16.6554615140914,17.0033998017167,16.5846777532318,17.196934358057,16.8700264507154
"Q13555",16.210934262997,16.5600225993693,16.5467745606353,16.6225312458666,16.4119868012123
"P08574",16.7436994068143,17.4597946000318,17.1324577847405,16.1078528973362,16.6427179304672
"O14880",17.3254398439897,18.162516252726,17.3771450640569,17.7275723649495,17.2780915497592
"O95782",15.3819327097592,15.7583086900009,15.8536805583247,15.8171007807772,15.7772389470349
"Q07157",13.4928431162501,13.6533151474599,12.9171027122884,13.3408644760105,13.3220064054652
"O94919",16.0799947740317,16.8731725683616,16.1613406607933,16.1855565762961,16.4494435888477
"O95394",13.6203719102962,13.8317293763486,13.6745278390324,14.0368107330097,13.8048986911268
"Q15404",15.1254868009863,14.6950382984845,15.5760526577241,14.8022134042183,15.1988751272468
"Q13423",14.8971574030457,15.0400200454694,15.6471248831846,15.2276294319607,15.7144539105471
"O75131;Q86YQ8",17.4202251356903,17.3704483113263,17.379303061249,17.3452907652966,17.688230916677
"P36405",15.454631860659,15.2566254731492,15.3194070151892,15.6606758013331,15.5477562873485
"Q9UJ70",15.8290916144709,16.1768722614397,16.4300806098441,16.2998921165924,16.2880594729367
"Q96CX2;Q68DU8",14.559553914446,14.7703475058824,14.6880169584789,14.555489118154,14.3003040586017
"Q96QK1",14.9684273150109,15.7167150750904,15.6303661011458,16.1537573263241,15.9636664702956
"O14980",15.2144148030826,15.2498247758845,15.1940054425235,15.7055387301719,15.3521239765985
"P47756",18.3401086522543,17.985473739225,17.9626838922243,18.9698741428675,18.3766517998858
"Q8IZP2;Q8NFI4",18.083540018616,17.9930665381087,18.2307563731051,17.8069596226818,18.6308980565055
"P51148",16.4932131729699,16.489266616223,16.1319875144237,16.3956220257186,16.248371033445
"Q7Z4S6",14.518120146286,13.9617536073844,14.1227979677557,13.999675279019,14.4057694305885
"P26640",14.9715488615768,14.661416545,15.0076908971235,15.3562609590791,15.0665124376156
"P51665",14.9132505742549,14.8215027651812,15.5622392403517,14.7012601892109,14.7047006155372
"Q8NBX0;O60293",16.6799178741513,16.5300218975149,16.2671239651814,16.5093183427724,16.7705679857344
"Q15365",17.7361774965488,17.7429607557988,17.5835122172706,17.7311481362138,17.930684507035
"P53004",15.8593515601724,15.7481941647008,16.4956689844412,16.3587949830174,16.2620661404801
"Q04760",17.3337403300509,17.1414257058474,17.535265406237,17.3173371301293,17.3613717415422
"Q9UQ16",14.4657567497479,14.2338131230507,14.3107175634395,13.601874181977,14.5663757185517
"P09110",14.8405811802733,15.0272229183504,14.5671910184754,14.8537299735849,15.0031140786998
"Q99447",14.7537328439504,14.6205437308055,14.3939402794367,15.5400577898513,14.8076842216634
"P26639;A2RTX5",13.2053140235775,13.2571468747937,13.3652534825162,13.6896221555762,13.3793534077776
"Q8IVF2;Q6ZN90",13.2580934688697,12.5814652127438,12.0364440150329,12.6235388467961,12.1926559571471
"P61204",18.520495110632,18.4574946644891,18.4782991526995,18.3677848562146,18.690641716302
"P21589",16.3265935345778,16.6129447779429,16.3888865959657,16.4690433674229,16.1782466322483
"Q13561",17.8911530216296,17.698470367338,18.0746287309222,18.3120474106589,18.1848949159145
"O15372",13.4016322921394,13.1826369728372,13.3282301657362,14.161854011654,13.0748009190822
"P25713",17.1516970411448,17.0057211861466,16.9262554179579,17.3488663555861,16.0725905790898
"Q9BRF8",15.0814292619022,15.0225910498803,14.906898256058,15.0217574812558,15.0218729090894
"P01860",15.2361387286429,16.4538246969538,16.2421540136914,13.3266800300148,14.1755747871712
"O14561",15.2369972047725,15.8686072014055,15.8372020053565,14.6956695647299,15.2220523616541
"P02765",16.063347332884,16.0751998839311,15.7997862917639,14.1187807027895,14.4426621264258
"P18124;Q9Y4A5",12.4972412676136,14.2504197669451,14.0469108818783,12.9026180158073,14.2513402663843
"P01859",18.0441561393801,18.593623801194,17.9856096667353,16.9891044707225,17.6030728794313
"P04217",14.6128312549659,15.5509405653183,14.5277548834293,12.3833743557509,13.4121691733278
"Q9NZ45",15.843594444823,16.2466548118975,16.3886896514437,15.2551252208916,16.0152967782646
"P35908",15.2927225849717,16.5187366863154,15.1282664526879,15.0934855318712,15.4223408077526
"P14550;Q96JD6",15.3999695578247,14.7281968153031,15.8189463548153,15.1573222148127,15.1674195753927
"P09488",15.0523343902362,14.419656754581,12.1517799049023,13.1487645296413,15.3768609177762
"Q9HCC0",16.0862610568315,16.3850036126691,15.1501256621968,16.0467661673024,16.0780049081468
"Q6YN16",16.467339233585,16.5242299944402,16.4498695132993,17.0641283949042,16.4998036625489
"P00966",15.2832790784787,15.7258528397951,16.2565370529088,16.0490195554121,16.6187552664706
"Q9P0J0",15.8224492743814,16.300297263106,15.6078687172746,14.8203184790898,15.7099229522268
"P02730",14.7288768781755,14.787946712948,12.2413150508673,13.3224347624388,13.4357839822158
"Q96G03",15.3684632297502,15.1280944958486,15.2901231123703,16.1824113441757,15.5550798586473
"Q15049",14.3457332065588,13.2405191375494,12.7277784059201,16.2072752964442,13.9878097051061
"O60641;Q13492",15.8812765392578,16.6710359929969,15.9330113441074,16.2045255948904,15.8527276364838
"Q00765",16.2448677829702,16.2796049359846,16.7152832180947,16.5530033365413,15.4441653400857
"P49773",16.5972700467316,16.7627381906751,15.9861228500834,15.806234277224,16.7982374601021
"O43236",16.1851838457158,16.3267363373921,14.9041216838135,15.397036088561,15.9259363936519
"O75508",17.3649317390451,18.2785175012213,16.3188634994325,16.7648070291921,16.9989367849171
"P20472",14.4231541804635,14.6373801696588,14.5060768348388,13.4463570024919,14.4672809120915
"P17931",15.3848797607998,15.4012656619406,16.1254546047378,15.5483048032479,14.796405286326
"Q15121",16.3452373400656,15.9083854630434,16.1116297803067,15.8792653064695,16.7530918322993
"P35270",15.196939838581,15.2838384053493,15.2516570279933,16.0907396048035,15.2272157765339
"P08697",14.3743692775686,14.7968117786011,14.0951445232172,13.1696680084069,14.1134413913851
"P23763",15.7517967835907,17.1052975402963,15.5513731906411,14.3914689061989,15.5333608390964
"P30038",15.7896894286514,16.1541594066192,14.8591566505376,16.1971225677135,16.1358406859951
"O00534",14.968820004684,14.8129225643712,15.3009404592479,15.9415778695809,14.9403662602481
"Q9BXW6",14.593297063887,14.4383314833586,13.3343361269389,14.021694015235,14.6317055645124
"O14950",16.0136288739459,16.388374373818,16.3347782292274,15.7009055229185,15.7459300268414
"P19971",13.4320617107651,12.9779572389372,16.0357147626585,14.109319750384,14.3346011039884
"P23786",15.6005529713822,15.1976292866287,15.9378638808677,15.8739563693267,15.7768154255886
"P01871",15.1347688467997,16.4754850862793,15.6672720824557,15.9106606507615,15.8009046869199
"Q05707",13.964402175724,13.5349855797348,13.493846618027,11.8026983338791,10.9063811758702
"P20674",16.7582684179079,16.856849832786,17.1553771196214,14.7277445298704,16.701118190198
"Q9H9B4",14.6218214916432,14.8999343264038,14.9875765169319,14.3244101371549,14.911622473916
"P02649",14.0103335336614,15.1362690806079,14.5395150802986,14.4426714842183,14.5985347523009
"Q00535",13.6713230889365,13.5954353142753,13.1921582460249,13.3565489420203,13.206877476932
"P29762",14.3714811822978,15.1795511698506,13.9886466702524,12.8691309743708,13.2259818919399
"O00264",15.9356076194893,16.1967520910578,16.1477335519465,15.6577085076968,16.0093809609267
"P35080",18.6801950796385,18.5535608739891,19.0029275419216,19.0377493195763,19.1068845310707
"Q00169",15.4854212722235,15.7914299422335,15.5054718671834,15.1979024343921,15.6999509690853
"P20336;O95716",15.4185359415114,16.2728648484729,15.6362272562516,15.0541090463306,15.4490012142432
"P05155",13.8564394224255,14.3765627618232,13.6727498701563,13.0958504826158,13.0619595463847
"O15144",15.6839971302087,15.5022823421568,15.8792164261182,15.9032681201253,15.6846330416523
"P49354",14.9788205913804,14.6141576070416,14.5900264879392,14.9739246145372,15.2275648319016
"Q8N1G4",14.0868873714359,13.9265373580636,14.2318642516987,14.5545538602901,13.6611251276702
"O76054;Q9UDX4",16.3626580923651,16.7653192116239,16.7311625950208,16.8284676035062,16.8411447245995
"P60880",15.2828938529489,16.220788566037,15.5743355298331,15.2813838457091,16.1329259766537
"P25325",15.2297354902746,15.6589750937048,14.8411648545795,15.6270234997053,15.3062817783929
"P31323",14.650641216453,14.7112952929536,14.2174908769341,14.201084269524,14.2293300639615
"O95299",15.7676417944589,16.1083059413793,16.1213651591476,15.4318885147848,15.6484854166901
"P21964",18.6629613694015,18.8234015426198,18.9643802260665,19.2140223124119,19.1895501401536
"P10412;P22492",10.9293686775717,14.421264552081,14.7760542644887,13.0694923316905,12.9041574939096
"Q9H330",16.2909471382261,15.236109435418,15.8899494769347,15.3213305226451,15.7123194396741
"P37235",14.6144132646832,15.2105220761247,15.10046488664,14.8045332603651,14.7555620574933
"Q99523",13.5755079248448,12.6941639520725,12.3156603210255,12.449211735655,12.1913774510932
"Q9NZ01",13.4919027039578,13.1181902627191,14.5667362283563,13.5801223635415,14.2125516811884
"P01604;P01597;P04208",15.5504741707136,16.4592478201204,16.134661132705,15.9789187300148,14.4956069682277
"Q9Y639",15.3870137982228,15.6132106549557,15.8432349273322,14.8984993987565,15.3263565029091
"P36543",15.3484301568612,15.403669825563,15.0237668279876,14.8758459335065,14.1514288035925
"Q15691",12.9464949158674,13.406886652428,12.8532115257632,13.907866853372,12.7093931805768
"P62745",16.0158255344348,16.2659449344245,15.4493629987807,16.3494958623353,15.9516767514865
"Q05639",15.2671428265067,15.7128572139912,15.6725926891945,14.8810721148768,15.2212647715983
"Q9H313",16.2097177172661,16.6595914507829,16.4918373243581,17.1803702839466,16.398367100459
"Q9NQW7",14.6815042928331,14.660753036094,14.8910187789821,14.8127194259989,15.0433158190229
"Q96I99",13.2835956759825,13.7100485864727,13.2675912628615,13.7169684492352,13.9589480233181
"P06748",14.7583201927909,14.9336254079603,15.3535253977649,14.9137552962373,14.4557243368063
"O14807",14.2152286409636,14.4876095441213,13.6470775983765,14.7946384308352,14.3647537745255
"Q16531",14.1887343405881,14.1183395072158,13.9339229132243,14.3129153090662,14.5542099017196
"Q13554;Q13557;Q9UQM7",14.6930418751812,15.4107513622982,14.9272467763962,15.3584442898175,15.0560444073681
"P07858",14.7749109303669,15.1452848187393,15.4651661617322,14.8103787979622,15.9495918013059
"Q16543",15.4118165682745,15.5780959865049,14.9056119123863,15.0333883119366,14.9785769906742
"O75369",14.5948036847608,13.6127197750826,13.8429943634837,14.150187740067,13.992442435401
"P49356",13.5394958353008,13.9975996381717,12.6657992888126,13.5891914752563,14.3133869734527
"P98160",15.3182494068159,15.3315229865825,15.0673634949304,13.1561882884916,13.625572091091
"O95831",12.8146035443442,12.4906962438492,13.7061918011277,13.2208349846537,13.721852499869
"Q9BW30",16.0339122597192,15.7116098168492,16.0269804408554,15.9405785968945,16.4481917585537
"P31040",16.7077474688974,17.1267141654252,16.5042210136335,16.0578435869772,15.9676923795663
"Q14914",13.8185312411842,12.4409031546244,13.87494704735,13.4991286625352,13.9206493038935
"Q8N339",18.9223642847278,17.6998474831015,18.016122016644,18.8695546313701,17.8859766837626
"P09874",16.4068816662834,16.6196154178171,15.6498386715385,15.6848288542683,15.4393669340182
"Q08462;P51828",14.3084134668811,13.1557020105354,13.9145867668479,14.6259502342949,14.390246728941
"Q9UPQ0",14.5116580119408,13.7084357971124,13.556655175527,14.0746679850408,14.3096463357776
"Q96AC1",15.106659830007,14.5702317870219,14.7199382153475,14.9699550118589,15.2355005253693
"P48643",16.0878054767645,16.3025761818499,15.6852151455358,16.3120997140878,16.383758596204
"Q9NVA2;O15519;Q14141",16.696345157952,16.638639267939,17.4102183537411,17.3369952606971,17.5126307712539
"Q93034",13.6202467239576,13.1984836882003,12.7480547983942,13.2291624112042,13.5573482702659
"P14174",20.5462329572219,20.279677928059,21.1232267983882,20.3130753460488,20.8318696082744
"P50897",15.1564125103977,15.6566330941872,14.5824347047535,15.2562382262107,15.0569236772192
"P42704",13.0757877390922,13.8615996920073,13.2164061176754,12.5544202120711,12.7238195054957
"Q14194",16.1926774070667,16.6019895974603,15.7484498002459,16.7561408177415,16.1957703159461
"O75122",12.7653032966692,12.2391145149126,11.9560652720752,11.2023342099952,12.8739038115621
"Q8WWI5",16.6564698411184,16.6819562802763,16.2619654308148,16.6045263003523,16.0202811244801
"P59998",15.748154919471,15.456291954473,15.6905863980132,15.9111031141366,15.917418254423
"P08134",14.722998561412,14.4095138025793,15.7583098254901,15.5952659945963,14.7507542994066
"O43237",16.8710268583365,17.0928334230682,16.3100149668321,17.0194439675823,17.1054170160315
"Q14008",12.5533728008471,12.0406569505621,12.4734510102238,12.2688840920206,13.0408336048907
"Q14112",14.4248469265758,14.7879083623086,14.464828619905,13.6739900717284,13.8065634305759
"P78527",14.5014282690705,13.624083849704,14.5059742514297,14.3111857425762,14.1850219369912
"P51648",14.6659805789513,13.8833387753703,13.2836306590897,13.9911341613993,14.267141068079
"Q9UQ80",14.8511973943582,14.9320121403379,15.2765767343438,15.1852642072654,15.2040628673789
"P14324",14.9230072459041,15.2763746375854,14.8906157763089,14.5733341221265,14.9301294599275
"Q16891",14.7667522630277,15.1593402433898,15.136821175909,14.7862788008174,14.6706118551232
"P42765",15.8426767538213,16.3565463422116,15.6274509316351,15.7505182369701,15.9052179001337
"Q969P0",14.4413846976346,14.954309584699,14.5696893045549,14.1408894639341,14.2067154410328
"Q27J81",16.0830611915715,15.5670755431779,14.5123193802974,15.3730622308796,15.9030011014845
"Q9UHY7",17.03889982504,17.0154621688457,17.2791482540367,17.3898026733253,16.8882883938175
"P61916",15.7220339059822,15.6926158680702,15.399012992509,15.4679921105639,15.7783051172414
"Q13838;O00148",15.0896734131144,15.4412604069097,15.0289944656953,15.0225067170926,14.9083390549632
"O00629",15.6597998028266,14.8771468228459,14.4583249639669,15.6219424501024,15.4781384355254
"P60900",16.1766003002086,16.4209597334057,16.7005559741339,16.6104544630179,16.0606147232739
"Q9UM19",14.4984057594281,14.8882281947674,13.8519454194034,14.7569910191309,14.8480250920274
"Q96T76",20.5174570705512,19.8442316160207,20.1768493715954,20.2380146337039,21.5635130340552
"Q8N3E9",16.2615081286973,15.4583826571663,16.6527282598415,16.6446451647941,16.4395086036948
"P53597",16.5434122071343,17.3445092998852,16.5328671226591,17.3325189385214,16.5401114857773
"P12955",15.4482969057481,14.9363455533513,15.8806662442589,15.8717950270313,15.6566746749073
"P22694;P17612",14.3726942102149,14.7152518653505,14.4250615299301,14.7499132137953,14.2578382394208
"P23588",13.7370261651285,13.8933269498109,13.5431169396768,13.6997917954003,14.1964117762749
"Q96CN7",15.1680435988288,15.3751402877145,14.8904230080323,15.4359697085602,15.3514329473921
"Q96DG6",15.3929924773185,15.1693432638821,15.4993659460406,15.4132000373547,15.4152335531606
"Q92747",14.0241110765016,14.3091729166259,14.6095678111487,14.9829328583809,14.6143333635226
"Q6NVY1",14.1506822379089,15.1422013037799,14.5590768140312,15.2156031712548,14.0041858010177
"Q9NRQ2",15.0430217603699,15.0099936270651,15.6327183888911,14.9451337093276,15.3706523572295
"P05141",16.0117813639554,15.8519299740012,16.2566729661612,15.7396874055687,15.8408202854595
"P48426",14.5340402769297,14.5113168153785,13.2802123171061,14.4316779765442,14.64842584474
"Q8WXF7",15.4493162844906,15.3215061363455,15.1201186980708,15.1624018467794,15.5841601376346
"Q9P2T1",14.7273164935462,14.5845805955585,15.3394737240904,15.12880883452,14.842492207372
"Q9UHG2",9.50609927969037,11.071425535214,12.4457094539179,9.68671073730056,7.74707260684718
"Q8NHW5",15.5151198226695,15.5875686940765,15.5064427591106,15.5796580407272,15.2576350046259
"P50990",16.6040902706091,16.8751076664991,16.4635374130563,16.4817590718894,16.7105023764229
"P10319;P01889;P04222;P30486;P30499",11.7478408359717,12.837457324995,14.848339724289,12.6756466006394,12.7095241588575
"P09525",15.4834646402454,15.5550735665985,15.0204346849108,15.5459897630427,15.4289412829211
"P11277",11.5735905411435,11.661479615324,10.5590336412769,10.7945446389979,10.7907035488625
"Q15185",17.5139039503679,17.7460526303805,17.4477835408649,18.013421259794,17.7072319493626
"Q9ULA0",15.3576530176989,15.4080085891332,15.0830743197942,14.9182088557997,15.3481303542992
"P51570",18.4626539995933,18.6016101699028,18.4838044055687,19.0319483922772,18.3804798164277
"Q00839",15.9560254893925,15.9650123791447,15.8348246501239,15.8239451185153,16.1036887137706
"P12956",14.7273342520286,14.1478582902923,14.3245761082981,14.1560068754458,14.0934117866111
"Q9UJY1",17.1146396825457,17.2159742473933,18.0132092006528,18.5715745707375,17.8251764158242
"Q9NZR1",16.1107634075738,15.0414493715084,16.1771954910109,15.7305327530795,15.7867257654201
"Q9GZT4",14.9952387966304,14.5321344969802,15.1467126982558,14.5110803155132,15.2662494946587
"O60282;Q12840",14.7525970584558,13.2051645907813,13.7745856311628,12.6202327280431,14.4346164392083
"P30085",15.0899814460492,15.4029040482851,14.8441547458335,15.0720265407806,15.4824056368957
"P40145",13.3330113039655,12.5792624871253,13.5275397246207,13.2611176011632,13.5063766345168
"Q8IW45",14.945031720325,15.1176167105818,14.7511869064228,14.9524721385409,15.4140189509048
"P23471",14.9630077590417,15.0528371400297,15.4276449002973,15.1871126541169,14.9246138189954
"O75936",15.2892516387706,15.2153800330226,16.470350822217,15.3518517383524,15.9763236832295
"Q96TC7",14.2521503295409,13.8493280752607,14.1526592540267,14.8714897384079,14.3828555030342
"Q16775",15.8460186271473,15.9453120472582,15.8553005609691,15.6524688839176,15.9691177573325
"Q14344",15.6640015972765,15.7340518856663,15.4430394822333,16.0941927656139,15.9025734591484
"P14920",14.3714608128601,14.539372903673,14.4607453535556,14.6051574618605,14.8444834173122
"Q15008",13.7976556767929,14.2236713965956,14.8581966649203,14.0486287922166,14.6026098221863
"P33176",14.9117887781026,13.9943714887926,14.4997459372534,14.8224670224424,15.0198932016327
"P55010",13.1280203686237,13.1093644942658,12.8624989446993,13.6698103371527,12.986081512869
"P09651;Q32P51",15.8730609989338,15.7856822186172,15.663384608906,15.9742062356732,15.8109248304601
"P62195",14.5870606376602,14.3933837269059,14.1539055377906,14.353601791039,14.4111270974111
"Q16881",14.6820924653288,14.6927152999202,14.8308473852473,15.3500226357005,15.0672697211276
"Q9Y4J8",14.8868086623989,14.8274388244136,15.275527405117,15.6629578940632,15.3848346694614
"Q9BRX8",16.158967930977,16.1814598707411,16.1571407099472,16.301278735761,16.05188601858
"P78357",12.3811594298557,13.1283441450018,13.190454958832,12.5826369042223,12.4363787315461
"Q96IU4",15.4717119032204,15.9181438325613,15.976245929573,16.0717483665205,15.9815559329721
"P51991",15.5715780541786,15.9461399487856,16.0769329226464,16.01828531221,15.3147794632052
"O75533",11.1926729879695,11.0594077361313,12.0576141941264,11.2412987364754,11.7140195104023
"P43243",14.5919205622636,14.4692905526465,14.4169128439201,15.2117982556808,14.8278180589432
"A1L0T0",13.1752921132911,13.0374549430166,13.1704211291002,13.1474129291043,13.639586136991
"P07451",13.744690185986,7.44483883977624,9.60094064935971,8.10776927365283,8.4563383608615
"Q01814;Q16720",12.6573676096098,13.3029947104906,12.6045683806194,11.8721728656807,11.9914653062453
"P31146",19.3863767166787,18.965466210476,19.5586619989321,19.4922642616516,19.5334736297996
"O14936",14.8734966170163,14.9840032223796,15.2276479334236,15.0006402510961,14.9647293407022
"P22570",11.6365004631765,12.8357442002388,11.2944032649634,13.0794125178063,11.9124634382341
"Q9Y3F4",14.8734614986707,14.6867007957453,15.0753312703964,15.2076098544212,15.1708668097164
"Q8WUM4",15.9045020630908,15.4699018182264,15.0157521523845,15.5988873313037,15.7271161445651
"P46781",10.8205043574154,11.4187344555924,12.6593785068089,12.5982164953124,12.3311351674518
"P48506",14.5160848368565,13.686153916196,14.6058358301314,14.3927250223996,14.6771964868708
"O94973",14.6862701732176,14.9167611203054,14.7816670581806,14.4837200365207,14.7658998996308
"P63244",15.2437966506277,15.5469039836634,15.3203727594182,15.4998707783281,15.2121066841925
"P28065",13.8052211490354,14.1738448489537,14.7168494562409,15.0797133566148,14.2120249874652
"P55209",16.4556367524672,16.4654264777857,16.6192378764115,16.8940898545965,16.6090638639118
"O43776",14.1003396709603,14.2381159771108,14.2831025163227,13.9049704918188,13.913075038465
"Q92598",15.0388074094173,15.5739174407268,14.8924796336275,15.7810537295815,15.6102167337511
"P55263",15.0909812226958,14.957281236154,15.2704050949221,15.592380139638,15.5127461679954
"Q13011",16.0474576069147,16.3399051937019,15.8029620009006,16.0978596979267,15.9882162210554
"P13010",14.7253060778817,14.701420207564,15.1577624927488,14.6893116471446,14.3400447593775
"Q15746;O15264",13.0648944448482,13.2448189626165,13.1042376946166,13.4642982549168,13.0959364726516
"P61201",14.1798731867514,14.0767984214221,14.4392280553604,14.5811751888491,13.8857549095277
"P25789",15.289799072391,15.5308180974121,15.2150642150133,15.1818645647368,15.3145636766128
"Q9UIJ7",15.277503555624,15.436520441249,15.4439145308309,15.2629326162398,15.7497633945387
"O95671",14.0392977080793,14.1917365929829,14.9293643130814,14.275890390486,14.4497301625497
"P63167;Q96FJ2",15.7088955588867,15.6038199693284,15.7455873295439,15.856104598906,16.187448119025
"O15498",15.065723070147,15.0510948014323,15.0556015554552,15.5248965321576,15.1119229926212
"Q5VU43",16.4137043117722,16.0869300482363,16.9890990679371,17.6367781826298,16.7723076113528
"Q9Y265",12.8806403046121,13.5572063726361,13.9517649051568,13.1392114208257,13.744978283167
"P04843",14.4881675558667,13.91722391176,14.1903522923465,14.3472500366525,14.2922799160361
"P35221",15.567098751054,15.3066452087743,15.221845886712,15.5156464154405,16.074703265259
"P31937",15.0229762107021,15.2913877720591,14.652267216275,15.008388869838,15.049091005996
"O15020",13.705415956908,13.6061378627854,13.8315939045871,13.3823628111148,13.9812803853013
"P60903",14.0486870322667,14.2226631603779,14.636131235609,14.3256541179873,14.015477129031
"P62714",16.7607171651362,16.4315103340721,16.1818496110475,16.6310365606304,16.2605599052551
"P20073",14.5895276416448,14.602675491364,14.7774107029842,14.9153203767062,14.5183003981724
"Q96AB3",14.0064866896181,13.8377305888236,14.3561520888207,14.1633177763751,14.0125913559375
"Q16643",10.2710333946785,10.0470042915983,10.743408425848,12.1813746130979,10.1715360787874
"Q7L1Q6;Q9Y6E2",15.5858947792231,15.6029045358791,15.4838582749847,15.8168406294449,15.6966368735088
"Q14847",11.974481593577,11.9565403977642,11.9445904119147,12.425396200796,10.6459226679068
"O00330",13.0836753553867,13.8652806858163,13.3690315724875,13.2448123813986,12.9715875133378
"O00499",15.2396688697853,15.8062626224515,14.8402734214796,15.2869600726363,15.0954949654966
"P06737",13.6827749083782,13.2261218850511,13.7641656585413,13.7175067991129,13.7753622236397
"P07099",16.5777626428584,16.6536472212403,16.5939250121102,16.7410608680217,16.6492004201604
"P38117",14.5168748999775,14.7963623417885,14.7691472453382,14.6391904842805,14.7166335020752
"Q6DD88",14.4633933369104,14.7447046781533,14.8161156645918,14.541636358823,14.61372752271
"Q14558;O60256",14.2579884455649,13.8225066603444,14.0957532335173,14.1269624244856,14.3194287279828
"P52272",7.90210067774602,10.5401658349602,10.7609523219911,11.343467951594,10.0863459046028
"P11310",15.3036241505627,15.2076731686362,15.4339138852951,15.5944540509775,15.6449392209988
"Q9BY11",14.0847935845797,13.802496424603,14.1462862634931,13.6678500579044,13.8223961091534
"P35580",14.9283612389914,14.4790147563182,15.3005980171405,15.217512013432,14.9310144910226
"Q9NS86",15.6396966925561,15.8115070948089,15.807244865741,15.7320538365541,15.5711264134048
"B2RPK0;P23497",14.8372831650174,15.5524522520706,15.5512963657528,15.3503268242437,15.2594782226118
"Q9Y285",14.715912269229,14.6495104400373,14.9170476340168,14.5623847622592,14.8554706496654
"O00303",12.3273280685343,12.6478903037163,13.3441708944113,13.5482145286656,12.8739765872758
"P36957",14.9825396879571,15.746442121369,15.9204677256648,15.6485098079425,15.0927750882232
"Q8WZ42;A2VEC9;Q12873",11.3775270101383,11.2851473016952,11.4554403490057,11.3755538757664,11.7003658823234
"P14314",11.7940520345057,12.2333466046516,13.1290785430385,12.6932760032528,12.8677822197936
"A0AVT1",13.1127228412033,12.9334770832919,13.0010664564614,13.1602183870372,12.7478488538907
"Q9UQE7",11.4255606255884,11.570486799855,11.3581100957926,11.8001407873885,11.4228340178965
